CRITERIA, PATH, MEAN, MEAN - SD, MEAN + SD, MEAN + 2 * SD, C SQUARED, DISPERSION INDEX, HOP
MEAN VALUE,1-3-5-7-8-10-12,130.999801002,69.9170962313,192.082505773,253.165210544,2.26716263859,48.9597483013,6
OPTIMIST,1-3-5-7-8-10-12,130.999801002,69.9170962313,192.082505773,253.165210544,2.26716263859,48.9597483013,6
PESSIMIST,1-2-4-7-9-10-12,141.0,140.0,142.0,143.0,0.00206611570248,0.0454545454545,6
DOUBLE PESSIMIST,1-2-4-7-9-10-12,141.0,140.0,142.0,143.0,0.00206611570248,0.0454545454545,6
STABLE,1-2-4-7-9-10-12,141.0,140.0,142.0,143.0,0.00206611570248,0.0454545454545,6
DISPERSION INDEX,1-2-4-7-9-10-12,141.0,140.0,142.0,143.0,0.00206611570248,0.0454545454545,6
